id,nazwa,ulica
1,Selizharovo,Luster
2,Téra,Cherokee
3,Al Hijrah,Muir
4,Starcevica,Beilfuss
5,Serhetabat,Nova
6,Alderetes,Springview
7,Aozai,Gina
8,Xiangfeng,Hansons
9,Guarapuava,Larry
10,Novoaleksandrovsk,Armistice
11,Pyongyang,Bunker Hill
12,Fos-sur-Mer,Jackson
13,Čačak,Prairie Rose
14,Xuanma,Lillian
15,Pasadena,Lawn
16,Idalolong,Aberg
17,Orly aérogare,Algoma
18,Yantang,Kensington
19,El Paso,Stuart
20,Moita,Hauk
21,Storozhevaya,Westport
22,Huangban,Mitchell
23,Antanhol,Becker
24,Gataivai,Sage
25,Morazán,Blaine
26,Poitiers,Brickson Park
27,Tegalsari,South
28,Salerno,Mallory
29,Medvezh’yegorsk,Iowa
30,Ra-ngae,Bunting
31,Carenang Lor,Fisk
32,Atengmelang,Del Sol
33,Tamiso,Schlimgen
34,Rama,Farragut
35,Xiaopingba,Paget
36,Kenitra,Meadow Valley
37,Poykovskiy,American Ash
38,Badulla,Hallows
39,Neskaupstaður,Derek
40,La Plata,Gina
41,Tibillo,Kingsford
42,Dingchang,Eliot
43,Cikaung,Bayside
44,Mayskiy,Shopko
45,Kuroiso,Linden
46,Ush-Tyube,Brown
47,San Martín,Susan
48,Siquirres,Division
49,Minante Segundo,Spenser
50,Coronda,Cardinal
51,Zernograd,7th
52,Yangi-Nishon Shahri,Crowley
53,Tongda,Elka
54,Longgang,Brown
55,Chinchiná,Westerfield
56,Lesogorsk,Lien
57,Hongwei,Chive
58,‘Amrān,Heath
59,Pital,Parkside
60,El Asintal,Jenifer
61,Sarae,Hovde
62,Konibodom,Cambridge
63,Huilong,Loomis
64,Tofol,Pennsylvania
65,Vetlanda,Jana
66,Xinpu,Mariners Cove
67,Ma'an,Chinook
68,Smederevo,Lindbergh
69,Little Rock,School
70,Seattle,Barnett
71,Masparrito,Coolidge
72,Mazyr,Myrtle
73,Fort Wayne,Erie
74,Opi,Roth
75,Liushi,Northport
76,Pederneiras,Karstens
77,Jianchang,Kedzie
78,Chvaletice,Waxwing
79,Lérida,Grasskamp
80,Orsk,2nd
81,Straszydle,Hudson
82,Lengor,Namekagon
83,Bungur,Maryland
84,Garibaldi,Nancy
85,Muqi,Maywood
86,Estefania,Sachs
87,Ufimskiy,Bowman
88,Da’an,Acker
89,Yugang,Merry
90,Vyksa,Tomscot
91,Kedungringin,East
92,Santo Domingo,Onsgard
93,Wonocoyo Utara,Mccormick
94,Thị Trấn Mỹ Lộc,Larry
95,Toledo,Surrey
96,Phu Kam Yao,Roth
97,Ocote Paulino,Delaware
98,Primošten,Susan
99,Harnoli,Northport
100,Götene,Roxbury
101,Hamburg Winterhude,Moose
102,Jianling,Atwood
103,Cerquilho,Pennsylvania
104,Waco,Upham
105,Guéret,Manley
106,Tuanjie,Portage
107,Niterói,Anzinger
108,Leuwihalang,Warrior
109,Paços de Ferreira,Hollow Ridge
110,Guamal,Hoffman
111,Vanderbijlpark,Emmet
112,Kalýves Polygýrou,East
113,Ponjen,Fremont
114,Geshan,Lillian
115,Ganja,Continental
116,Nanxiang,Artisan
117,Bukama,Kipling
118,Joypur Hāt,Straubel
119,Gashua,Miller
120,Pangal Sur,Eastwood
121,Klerksdorp,Upham
122,Niedrzwica Duża,Sachs
123,Braga,Oxford
124,Kupchino,Lillian
125,Lagayan,Arapahoe
126,Fussa,Manufacturers
127,Tanda,Esch
128,Tianfu,Golf View
129,Łobżenica,Moland
130,Afikpo,Talmadge
131,Lamalewo,Schurz
132,Morro do Chapéu,Utah
133,Nurlat,Portage
134,Kėdainiai,Thackeray
135,Reconquista,Northland
136,Zhongshu,Golf Course
137,Shucheng Chengguanzhen,Roxbury
138,At Tibnī,6th
139,Aimin,Ronald Regan
140,Härnösand,4th
141,Pavliš,High Crossing
142,Ti-n-Essako,Raven
143,Maevatanana,Mitchell
144,Sumberejo,Fremont
145,Sidi Yahya Ou Saad,Shasta
146,Kotovs’k,Menomonie
147,Nyazepetrovsk,Darwin
148,Bor Tungge,Pawling
149,Mlawe,Thompson
150,Kotlas,Quincy
151,Bloemhof,Lerdahl
152,Pamakayo,Spenser
153,Pacatuba,Wayridge
154,Ylöjärvi,Clemons
155,Giồng Riềng,Milwaukee
156,Tanggung,Declaration
157,Gustavia,Larry
158,Haugesund,Prentice
159,Nantian,Fulton
160,Phù Mỹ,Little Fleur
161,Slavkov u Brna,Bartelt
162,Potulando,Del Sol
163,Bečej,Westerfield
164,Looc,Johnson
165,Cerenti,Brickson Park
166,Otok,Mosinee
167,München,Sloan
168,Sukabatu,Holmberg
169,Sifangxi,Mcbride
170,Höshigiyn-Ar,Loftsgordon
171,Tost,Carioca
172,Sułoszowa,Hintze
173,Honglai,Colorado
174,Shiqiao,North
175,Torino,Brickson Park
176,Xianxi,Farmco
177,Bira,Lunder
178,Fuwah,Meadow Vale
179,Isugod,Gina
180,Phitsanulok,Londonderry
181,Richmond,Forest Run
182,Tsévié,Northwestern
183,Vikbolandet,Vera
184,Lakbok,Di Loreto
185,Melbourne,Di Loreto
186,Pondohan,Caliangt
187,Cirahab,Katie
188,Terter,Hagan
189,Maikawada,Myrtle
190,Ganshui,Mandrake
191,Dagang,Blaine
192,Murom,Northridge
193,Skole,Florence
194,Hagonoy,Cordelia
195,Wuyao,Erie
196,Philadelphia,Elgar
197,Aranitas,Boyd
198,Żarki,Novick
199,‘Aqrah,Chive
200,Tangal,Burning Wood
201,Jingmao,Mallard
202,Uliastay,Mayer
203,Old Shinyanga,Stang
204,Saskylakh,Stephen
205,Alcala,Judy
206,Kyosai,Forest
207,Pankrushikha,Kipling
208,Sinacaban,Ridgeway
209,Stavropol’,Atwood
210,Brejos,Derek
211,Taiping,Toban
212,Sulak,Myrtle
213,Ciputat,School
214,Hovås,Cody
215,Franceville,Weeping Birch
216,Aparecida,Magdeline
217,Buga,Novick
218,Hou’an,Hermina
219,Sahline,Express
220,Pulau Pinang,Kenwood
221,Nelidovo,Anzinger
222,Lugovoy,Shopko
223,Tuhe,Amoth
224,Besuki,Sheridan
225,Mönchengladbach,Hooker
226,Tojal,Portage
227,Xiaotao,Hanover
228,Kut Chap,Rockefeller
229,Hallstavik,Dunning
230,Jatake,Sullivan
231,Smithers,Twin Pines
232,Ziliang,Almo
233,Créteil,Manitowish
234,Starigrad,Knutson
235,Umeå,Heffernan
236,Lishan,Main
237,Hoorn,Fallview
238,Maco,Hanover
239,Ouangani,Sullivan
240,Nayoro,Fairview
241,Chmielno,Little Fleur
242,Soly,Vahlen
243,Kampong Thom,Northwestern
244,Xibing,Cody
245,Wenshang,Del Sol
246,Huayllo,Burrows
247,Lourdes,Mccormick
248,Áno Kastrítsion,Farmco
249,Ketawang,Milwaukee
250,Murcia,Gina
