id,Imie,Nazwisko
1,Louis,Bell
2,Beverly,Webb
3,Walter,Mendoza
4,Eugene,Little
5,Kevin,Andrews
6,Denise,Hill
7,Judy,James
8,Willie,Jones
9,John,Evans
10,Brenda,Gutierrez
11,Ann,Hicks
12,Tina,Garza
13,Brian,Lewis
14,Elizabeth,Campbell
15,Kathleen,Simpson
16,Benjamin,Black
17,Jack,Graham
18,Victor,Rogers
19,Helen,Stone
20,Judith,Thomas
21,Paula,Patterson
22,Michael,Perry
23,Shirley,Robinson
24,Mark,Willis
25,Jennifer,Knight
26,Mildred,Jones
27,Adam,Lewis
28,Jane,Gonzales
29,Louise,Black
30,David,Gutierrez
31,Rebecca,Jackson
32,Judith,Franklin
33,Nicole,Matthews
34,Sharon,Duncan
35,Kelly,Gilbert
36,Jane,Arnold
37,Helen,Franklin
38,Jeremy,Sanchez
39,Roy,Perez
40,Chris,Gutierrez
41,Sharon,Price
42,Elizabeth,Wood
43,Annie,Lane
44,Antonio,Young
45,Robin,Fox
46,Howard,Fernandez
47,Ernest,Reed
48,Louise,Watson
49,Theresa,Brooks
50,Jack,Campbell
51,Ashley,Barnes
52,Debra,Williams
53,Juan,Montgomery
54,Wanda,Duncan
55,Mildred,Reynolds
56,Diana,Bradley
57,Karen,Simpson
58,Sara,Pierce
59,Rebecca,Mccoy
60,Jason,Cook
61,Andrew,Hunter
62,Anthony,Hudson
63,Rose,Welch
64,Ruby,Harris
65,Antonio,Hawkins
66,Dorothy,Reid
67,Anna,Garcia
68,John,Burton
69,Philip,Ryan
70,Theresa,Ferguson
71,Joan,Peterson
72,Pamela,Berry
73,Paul,James
74,Scott,Carpenter
75,Brenda,Marshall
76,Paul,Perry
77,Victor,Clark
78,Benjamin,Fields
79,Elizabeth,Johnston
80,Debra,Long
81,Laura,Price
82,Virginia,Williams
83,Judith,Arnold
84,Lois,Chavez
85,Lisa,Collins
86,Mark,White
87,Bruce,Stanley
88,Patricia,Johnson
89,Diana,Riley
90,Alice,Rogers
91,Kimberly,Rodriguez
92,Lillian,Kelley
93,Harold,Franklin
94,Marie,Fisher
95,Richard,Duncan
96,Billy,Hawkins
97,Earl,Murray
98,Donald,Garrett
99,Aaron,Turner
100,Donna,Riley
101,Amanda,Bowman
102,Virginia,Reed
103,Craig,Gutierrez
104,Matthew,Dixon
105,Bonnie,Lee
106,Cynthia,Garrett
107,Jack,Garrett
108,Norma,Thomas
109,Marilyn,Baker
110,Joe,Owens
111,Terry,Alvarez
112,Lisa,Ferguson
113,Randy,Webb
114,Roger,Alvarez
115,James,Harrison
116,Patrick,Elliott
117,Douglas,Cook
118,Albert,Long
119,Joseph,Gordon
120,Deborah,Burns
121,Bruce,Jackson
122,Mildred,Hunt
123,Howard,Elliott
124,Judy,Harrison
125,Brandon,Flores
126,Benjamin,Jordan
127,Gloria,Little
128,Lisa,Wood
129,Kelly,Burke
130,Bruce,Wheeler
131,Johnny,Henderson
132,Donna,Fuller
133,Earl,Johnston
134,Cheryl,Campbell
135,Willie,Ramos
136,Doris,Black
137,Jeffrey,Alvarez
138,Shirley,Alexander
139,Joan,Allen
140,Katherine,Cole
141,Randy,Berry
142,Philip,Burke
143,Sandra,Fisher
144,Michelle,Alexander
145,Rose,Banks
146,Julia,Morgan
147,Wanda,Ramos
148,Mildred,Ramirez
149,Patrick,Gonzales
150,Phyllis,Shaw
151,Frances,Baker
152,Gerald,Black
153,Todd,Price
154,Timothy,Rodriguez
155,Walter,Fuller
156,Lillian,Armstrong
157,Christina,Bryant
158,Maria,Knight
159,Martha,Kennedy
160,Steven,Porter
161,Melissa,Meyer
162,Barbara,Porter
163,Jeffrey,Stanley
164,Juan,Lewis
165,Anna,Cooper
166,Jean,Crawford
167,Andrea,Gonzales
168,Louise,Jordan
169,Benjamin,Ortiz
170,Johnny,Harris
171,Douglas,Castillo
172,Jonathan,Martin
173,Heather,Sims
174,Joe,Wallace
175,Doris,Washington
176,Pamela,White
177,Janet,Baker
178,Laura,Tucker
179,Ann,Tucker
180,Donna,Rivera
181,Sean,Medina
182,Richard,Moore
183,Teresa,Cooper
184,Walter,Williamson
185,Patricia,George
186,Theresa,Morrison
187,Susan,Mason
188,Todd,Diaz
189,Benjamin,Sanders
190,Juan,Weaver
191,Wanda,Fuller
192,Edward,Wilson
193,Linda,Banks
194,Martin,Meyer
195,Margaret,Rodriguez
196,Albert,Warren
197,Keith,Richardson
198,Thomas,Black
199,Wayne,Martin
200,Brandon,Cox
201,Amy,Howard
202,Frank,Stewart
203,Stephen,Mitchell
204,Shawn,Butler
205,Kenneth,Richardson
206,Betty,Berry
207,David,Ray
208,Sarah,Lynch
209,Diane,Montgomery
210,Harry,Bell
211,Pamela,Montgomery
212,Robin,Turner
213,Christopher,Ryan
214,Frank,Black
215,Antonio,Perez
216,Jack,Ellis
217,Roy,Hall
218,Jason,Woods
219,Heather,Garrett
220,Louise,Roberts
221,Richard,Gray
222,Jennifer,Harris
223,Marilyn,Castillo
224,Mildred,Flores
225,Albert,George
226,David,Frazier
227,Susan,Dean
228,Donald,Harvey
229,Shawn,Torres
230,Charles,Palmer
231,Carlos,Little
232,Christopher,Bishop
233,Jane,Mason
234,Wayne,Grant
235,Robin,Garcia
236,Nicholas,Griffin
237,Kathryn,Gutierrez
238,Jesse,Mills
239,Brenda,Watson
240,Stephen,Bell
241,Henry,Gardner
242,Eric,Freeman
243,Clarence,Dean
244,Amanda,Carter
245,Doris,Tucker
246,Deborah,Pierce
247,Shawn,Scott
248,Kathy,Rivera
249,Mark,Coleman
250,George,Matthews
251,Anna,Peterson
252,Shirley,Bryant
253,Sharon,Boyd
254,Bobby,Fields
255,Kathy,Wheeler
256,Jason,Burns
257,Samuel,Hill
258,Rachel,Warren
259,Edward,Jenkins
260,Julia,Long
261,Lisa,Rose
262,Henry,Jenkins
263,Barbara,Perez
264,Virginia,Watson
265,Phillip,Edwards
266,Sara,Brooks
267,Joan,Matthews
268,Bonnie,Olson
269,Lillian,Lewis
270,Judy,Carter
271,Rebecca,Kelly
272,Barbara,Ryan
273,Jennifer,Richards
274,Bonnie,Rogers
275,Jeremy,Perez
276,Anthony,Ramirez
277,Philip,Harrison
278,Harold,Boyd
279,Kevin,Banks
280,Julie,Greene
281,Theresa,Webb
282,Susan,Stephens
283,Judy,Taylor
284,Rebecca,Carter
285,Julia,Garcia
286,Jimmy,Fields
287,Kenneth,Gray
288,Peter,Welch
289,Sharon,Turner
290,Dennis,Frazier
291,Albert,Perez
292,Mark,Jacobs
293,Janice,Taylor
294,Christine,Snyder
295,Lisa,Green
296,Philip,Lopez
297,Benjamin,Wood
298,Carolyn,Green
299,Joseph,Wright
300,Bobby,Parker
